,index,customerEmail,customerPhone,customerDevice,customerIPAddress,customerBillingAddress,No_Transactions,No_Orders,No_Payments,Fraud,Total_transaction_amt,No_transactionsFail,PaymentRegFail,PaypalPayments,ApplePayments,CardPayments,BitcoinPayments,OrdersFulfilled,OrdersPending,OrdersFailed,JCB_16,AmericanExp,VISA_16,Discover,Voyager,VISA_13,Maestro,Mastercard,DC_CB,JCB_15,Trns_fail_order_fulfilled,Duplicate_IP,Fraud_Decoded,Duplicate_Address
0,0,josephhoward@yahoo.com,400-108-5415,yyeiaxpltf82440jnb3v,8.129.104.40,"5493 Jones Islands
Brownside, CA 51896",2,2,1,False,44,0,2,0,0,2,0,1,1,0,2,0,0,0,0,0,0,0,0,0,0,0,0,0
1,1,evansjeffery@yahoo.com,1-788-091-7546,r0jpm7xaeqqa3kr6mzum,219.173.211.202,"356 Elizabeth Inlet Suite 120
Port Joshuabury, NM 37681",3,3,7,True,111,1,1,0,0,0,3,3,0,0,0,2,1,0,0,0,0,0,0,0,1,0,1,0
2,2,andersonwilliam@yahoo.com,024.420.0375,4m7h5ipl1shyavt6vv2r,67b7:3db8:67e0:3bea:b9d0:90c1:2b60:b9f0,"8478 Sean Ridges Apt. 441
Davisberg, PR 72250",5,3,2,False,131,2,0,0,0,5,0,4,0,1,4,0,0,1,0,0,0,0,0,0,2,0,0,0
3,3,rubenjuarez@yahoo.com,670.664.8168x94985,slovx60t0i558may4ks0,95de:8565:5a66:792c:26e0:6cfb:7d87:11af,"7769 Elizabeth Bridge Apt. 343
Nortonstad, FM 51359",3,3,1,False,85,0,0,0,0,3,0,3,0,0,0,0,0,0,3,0,0,0,0,0,0,0,0,0
4,4,uchen@malone.com,1-981-877-0870,j0pd24k5h8dl2fqu0cz4,196.89.235.192,"148 Russell Lodge Apt. 445
Port Jenniferside, TN 60556-0871",7,7,6,True,411,2,0,0,3,4,0,6,0,1,3,1,2,0,0,1,0,0,0,0,2,0,1,0
5,5,robinsoncynthia@dunn.com,+65(5)8997489788,hbww39m1wenbq4ymjhsx,43.166.163.164,"65233 Hutchinson Mountains
Martinezside, OR 75588",1,1,2,True,25,0,0,0,0,1,0,0,1,0,0,0,1,0,0,0,0,0,0,0,0,0,1,0
6,6,samuel15@saunders-rhodes.com,05045239487,up7afvce5v0omniqlevq,33.67.35.30,"3960 Emily Fort
Staceytown, AR 21817-3325",2,1,2,True,80,1,0,0,2,0,0,2,0,0,0,0,0,0,0,2,0,0,0,0,1,0,1,0
7,7,johnlowery@gmail.com,044-642-9860,rjb0adai34izqvys4938,212.144.68.190,"484 Pamela Pass
Lake Jessicaview, WI 12942-9074",6,5,2,True,1033,6,0,1,0,24,3,25,0,3,7,3,10,0,3,0,5,0,0,0,5,0,1,0
8,8,jameslandry@rodriguez.com,1-885-168-1310x338,yz4l2bgbvzra5eb5qcan,c899:ff67:6864:4365:def3:3023:655f:5181,"USNS Price
FPO AE 14661",5,2,1,False,109,3,0,0,0,5,0,1,4,0,0,0,0,5,0,0,0,0,0,0,0,0,0,0
9,10,bowenwilliam@yahoo.com,(128)248-4091x37789,qmntgod0numz62gzbla7,231.91.253.19,"27061 Wright Forks
Craigland, MN 59915",6,5,1,True,167,2,0,0,0,6,0,4,1,1,0,0,0,6,0,0,0,0,0,0,2,0,1,0
10,11,ksummers@hotmail.com,1-023-275-4692,2ngkzu1idwxintmxwmgn,184.97.57.11,"46383 Matthew Track Apt. 220
Romanburgh, DC 95125",7,5,4,False,241,3,0,0,0,6,1,7,0,0,0,1,0,2,0,3,1,0,0,0,3,0,0,0
11,12,christineklein@wright-boyd.org,897-464-6425x941,j8cp1uydkuyza2eo0mir,4304:521a:e1c3:766b:21f3:ac3:4ab2:5a2,"67636 Renee Islands Suite 307
Teresaview, ND 09042",4,4,3,False,117,0,0,0,0,3,1,3,1,0,0,0,4,0,0,0,0,0,0,0,0,0,0,0
12,13,meganwalters@chavez.com,(522)133-8741x643,qsxqbn6qjxkni7f813qn,98.229.160.246,"7541 Olson Glens
Ballshire, IL 29415",4,2,1,False,154,2,0,0,0,4,0,4,0,0,0,0,0,0,0,0,0,4,0,0,2,0,0,0
13,14,caleb94@sutton.info,07452086668,lixwrlvcr4g5ht600dk9,2efe:240f:cc33:306:8e47:b8d5:b466:f12a,"813 Miller Lakes
Lake Christina, SD 29778-1298",5,5,2,False,185,0,0,0,0,5,0,3,0,2,0,0,5,0,0,0,0,0,0,0,0,0,0,0
14,15,gonzalesjackson@gmail.com,1-410-373-1228x129,hmkn4nmfc5q5mgify2zw,229.2.225.188,"566 Courtney Stream
Reedland, NH 84853",4,4,1,True,176,0,0,0,4,0,0,4,0,0,0,0,4,0,0,0,0,0,0,0,0,0,1,0
15,16,dana09@yahoo.com,515.708.2280x105,wb0uylp0rwy01x5j1jzd,166.148.66.158,"812 Moss Radial Suite 844
North Patriciaburgh, MH 13975",6,3,2,False,163,3,0,0,0,3,3,6,0,0,6,0,0,0,0,0,0,0,0,0,3,0,0,0
16,17,alec27@bell.com,895-224-8246x9667,cq5wya63n1w79o0hlnpm,128.61.46.131,"6174 Nicholas Cliffs Suite 855
Websterview, MN 44283-0599",6,4,2,False,158,2,0,0,0,6,0,5,1,0,0,0,2,0,4,0,0,0,0,0,2,0,0,0
17,18,juliecook@hotmail.com,1-412-734-7967x67388,sj72s0k7wxdrxu3rcmba,61ba:a72b:5401:db1a:9833:d0da:254c:2369,"1750 Alicia Shoals Apt. 000
South Benjamin, ND 75373",2,2,1,False,25,0,0,0,0,2,0,2,0,0,0,0,0,0,2,0,0,0,0,0,0,0,0,0
18,19,meganberry@clark.biz,1-991-846-6271x54037,2vpovzopjoqppeqfa5nw,73.182.31.59,"34944 Glenn Mountain
Sherryhaven, TN 36252",5,4,2,False,161,1,0,0,0,5,0,5,0,0,5,0,0,0,0,0,0,0,0,0,1,0,0,0
19,20,psantiago@nelson.net,885.682.0863,qx6nhdabeaj329zdri0o,81.13.103.118,"238 Reeves Villages
Leslieton, SD 12318-4476",1,1,1,False,31,0,0,1,0,0,0,1,0,0,1,0,0,0,0,0,0,0,0,0,0,0,0,0
20,21,harrisnicholas@mitchell-hancock.com,(922)411-5121x98410,y3m3px7h46gor851y1pu,58.13.30.104,"357 Barbara Crossroad
Jacobsburgh, WY 09289-9170",6,4,2,False,202,2,0,0,2,4,0,5,0,1,0,4,0,0,0,0,0,2,0,0,2,0,0,0
21,22,davismike@hotmail.com,467-222-0933x910,4hzaaor6es3iyuiavyio,162.48.39.230,"07078 Brent Ways Apt. 999
Alvarezshire, ND 82309",4,3,1,False,103,1,4,0,0,0,4,3,0,1,0,0,0,0,0,0,0,0,4,0,1,0,0,0
22,24,natalie98@yahoo.com,02934317865,x5ts382m7jezato91fjz,89e:31aa:e9e2:90ea:aa00:4a8c:805c:20ea,"23831 Adams Tunnel Suite 538
North David, NE 92200-7011",1,1,1,False,23,0,0,0,0,1,0,1,0,0,0,0,1,0,0,0,0,0,0,0,0,0,0,0
23,25,karen54@mullins.biz,1-019-956-8013,ybz490o0v5781808jtzw,61.219.235.129,"526 Ronald Cliffs
West Christinaville, GU 76418",8,5,2,False,154,3,4,0,0,8,0,5,0,3,0,4,4,0,0,0,0,0,0,0,2,0,0,0
24,26,avaldez@gmail.com,203-573-2041,bwgvb5w8dm6upvi7ucqc,46.130.37.206,"304 Heather Fall
East Christina, UT 45880-4522",2,1,1,False,38,1,0,2,0,0,0,2,0,0,0,0,0,0,0,0,2,0,0,0,1,0,0,0
25,27,blackjoel@wright.com,621.591.0560,smxfahki83m4rgsvgvki,9717:f390:29c6:8d60:aee7:a054:1b90:9493,"Unit 0643 Box 8346
DPO AA 55632-6780",6,5,1,False,207,1,0,0,0,6,0,6,0,0,0,0,0,0,0,0,6,0,0,0,1,0,0,0
26,28,abigail08@yahoo.com,650-489-7595x7901,0g6v7n9n8k4pekxpqj2e,72.251.102.162,"3764 Stanley Hollow
East Catherine, CT 98470",5,3,2,False,209,2,1,0,0,5,0,1,2,2,0,0,4,0,0,0,1,0,0,0,0,0,0,0
27,29,catherine64@gmail.com,563-396-2038x288,myjxxvd3jfn1eymfy50n,1289:d2a9:c65d:8fc7:7be4:129b:d7b:cf7b,"372 Michael Club Suite 553
Herrerafort, MH 52953",5,4,6,True,314,1,0,0,0,3,2,3,1,1,2,0,0,0,0,1,2,0,0,0,1,0,1,0
28,30,romerolauren@hotmail.com,(099)775-4222,k8t5eytta8tc8y593lcr,846:e2b8:6318:5636:946d:ca83:8076:d098,"34958 Sean View
West Robert, DE 93344-9833",2,2,1,False,68,0,0,0,0,2,0,2,0,0,0,0,2,0,0,0,0,0,0,0,0,0,0,0
29,31,qramsey@hotmail.com,+45(0)7468859801,0o4xh6wbyuxwchh1la5f,58.43.60.165,"87265 Woods Square
Port Heidimouth, LA 03208-8304",6,5,2,False,137,1,0,0,0,6,0,5,0,1,0,0,1,0,0,0,5,0,0,0,1,0,0,0
30,32,9es7t@u6n7x,518.037.7423x366,uqdiolg8krd34n4phs18,3617:fa2b:f31e:5b72:59a8:cb1a:d090:edb9,"63978 Luis Ports
Yvonneville, NE 63736-2980",2,1,1,True,32,1,0,0,0,2,0,2,0,0,0,0,0,0,2,0,0,0,0,0,1,0,1,0
31,33,ypruitt@hotmail.com,804-331-7488x82163,dmqmkcujj3k31g0kr9b4,224.3.233.30,"437 Jean Well
Andrewville, FM 13796",4,4,3,False,146,0,0,0,0,4,0,4,0,0,0,0,0,0,0,0,0,0,0,4,0,0,0,0
32,35,aweaver@yahoo.com,565-347-7032,lr2c0lancqoqkosnyqnj,2432:d9dc:c6ad:ef9c:c5df:b7bf:1b48:4444,"85993 Heather Drive
East Erinhaven, KY 61109",1,1,1,False,20,0,0,0,0,1,0,1,0,0,0,0,1,0,0,0,0,0,0,0,0,0,0,0
33,36,richard05@hanson-key.org,(428)021-0009,wr3wy5qmkd8qqwljulll,158.72.242.154,"432 Margaret Isle
West Kevinbury, SC 42235",1,1,1,False,40,0,0,0,0,1,0,1,0,0,0,0,0,1,0,0,0,0,0,0,0,0,0,0
34,37,paul86@hotmail.com,986-625-5606,iyac5n05j0sxp2b0cnnc,aae7:6c39:b70:7025:d60d:bab3:6547:4adc,"546 Kim Walk
South Jacquelinefurt, NM 01696",2,1,1,False,88,1,0,0,2,0,0,2,0,0,2,0,0,0,0,0,0,0,0,0,1,0,0,0
35,39,mark02@young.com,(833)029-3127,iuaio7yeshnjtrqn6qc5,107.82.81.240,"229 Michelle Union Suite 692
Lake Sarahport, AS 45607",5,4,2,False,166,1,0,3,0,2,0,5,0,0,0,0,3,0,0,0,0,0,2,0,1,0,0,0
36,40,johnlowery@gmail.com,737-377-9701x577,jz66ap43id2y35ivfqa5,6c21:ac1d:2089:68fa:abb7:8c00:525f:6588,"08238 Kyle Squares Suite 893
Millermouth, IN 27535-5397",0,0,1,True,1033,6,0,1,0,24,3,25,0,3,7,3,10,0,3,0,5,0,0,0,5,0,1,0
37,42,brandon58@conner.com,726-715-7429x06218,qywyyrk5r87k21ij3p62,225.62.150.241,"USS Barr
FPO AE 16052-3851",8,3,1,False,149,5,0,0,0,8,0,8,0,0,0,0,0,0,0,0,0,0,0,8,5,0,0,0
38,45,johnlowery@gmail.com,+16(4)9016414340,cdx178qymd6vy77nm4x3,222.79.159.140,"77711 Pamela Ridge
New Kayla, IL 27182",3,2,1,True,1033,6,0,1,0,24,3,25,0,3,7,3,10,0,3,0,5,0,0,0,5,0,1,0
39,46,jamescampbell@randall-pacheco.biz,599-142-6783,eaul63h9guyvwuymfn3z,45.203.99.249,"29408 Lisa Lock
Port Jennifer, LA 26501-7040",7,3,2,True,146,4,0,0,0,7,0,7,0,0,0,0,0,5,0,2,0,0,0,0,4,3,1,0
40,48,briana34@gmail.com,952-580-9304x38838,s7dtery2p2f00b7qnwvv,f793:509a:b82a:f556:b199:c649:8ab3:3f0a,"4264 Traci Mountains Suite 245
East Trevor, NC 37274-0975",7,5,2,False,236,2,0,5,2,0,0,5,2,0,2,0,0,0,0,0,5,0,0,0,1,0,0,0
41,49,jonesandrea@gray.biz,+49(5)7226212913,szchbklzmzi87sa0oyz0,120.215.98.17,"33328 Mendez Shore Apt. 328
North Miguelville, MT 05102-0874",3,3,1,False,96,0,0,3,0,0,0,3,0,0,3,0,0,0,0,0,0,0,0,0,0,0,0,0
42,50,kristina41@gmail.com,1-836-334-7673,1a88bvu79nax6873na08,35.23.150.176,"5769 Ronald Brook Suite 963
Lake Jasonfurt, MS 45350-9530",7,6,3,True,369,1,0,0,1,6,0,7,0,0,1,0,2,0,0,0,0,4,0,0,1,0,1,0
43,52,nolanalec@yahoo.com,+00(2)1650962747,9ytcxpehi6xw76g5qhhl,b298:90c6:ce22:e0aa:5906:4ec3:d8c:a455,"6790 Cassandra Loop
Davidton, ME 00036",5,4,3,False,179,1,0,0,0,5,0,5,0,0,0,0,0,0,0,0,4,0,0,1,1,0,0,0
44,53,spencer77@reid.com,423.526.5373,7318fn930cyfirv504xp,8.13.234.51,"9811 Allison Harbors
Perryberg, SC 57620-9104",5,2,3,False,101,3,0,0,0,5,0,4,0,1,5,0,0,0,0,0,0,0,0,0,3,0,0,0
45,55,uguzman@yahoo.com,(017)893-9493,at92v1f1r3shwbeujiap,151.245.182.84,"9596 Christian Bridge
West Nicholasbury, OR 90106-9840",1,1,1,True,353,1,0,0,0,1,0,1,0,0,0,0,1,0,0,0,0,0,0,0,1,0,1,0
46,56,ssmith@levine-harmon.biz,266-228-3021x90360,7u2y3wsyj7ehzfao86md,13ff:5a93:bc34:e190:5e4b:ac80:2e2d:6217,"37549 Crawford Forest
Christopherside, KY 96656",8,5,2,False,240,4,5,0,0,8,0,7,1,0,0,0,0,0,3,0,5,0,0,0,4,0,0,0
47,57,feliciabrown@gmail.com,(226)129-2677,z7xkuohhjbtiqs6q9rk9,115.137.171.103,"49680 Brian Squares Apt. 122
Port Walterburgh, MH 02766-0708",1,1,1,True,41,0,0,0,0,1,0,1,0,0,1,0,0,0,0,0,0,0,0,0,0,0,1,2
48,58,dianacook@gmail.com,764-447-7031,ntl63nfd4sevm4xxvsyq,710e:d9d9:1ef0:cdc:ed53:10d:2c7e:667e,"938 Miranda Mountain
Alexandratown, AS 69640",3,2,1,False,58,1,0,0,0,3,0,1,0,2,3,0,0,0,0,0,0,0,0,0,0,0,0,0
49,59,cookbenjamin@hotmail.com,(287)694-5221x45370,8fapmchbpcdesx94tnmb,82.3.174.184,"585 Veronica Loop Suite 856
East Rebeccachester, AZ 55756",6,4,1,False,217,2,0,0,0,6,0,6,0,0,0,0,0,0,0,0,0,6,0,0,2,0,0,0
50,60,joserowland@jones.com,698-954-1805,znzp16ko7mtwjfxgrle4,152.211.139.83,"1292 Tricia Key Suite 062
Marthabury, KS 40445",4,4,6,True,108,0,0,0,0,4,0,4,0,0,0,2,1,0,0,0,0,0,1,0,0,0,1,0
51,61,pattersonphilip@yahoo.com,(425)200-2228,9gyjtadv75scvq723pow,d1ca:57d4:7c58:8cd4:e100:99d8:3fd6:92f9,"258 Teresa Crescent Apt. 167
Rodriguezmouth, AS 13930",4,4,2,False,110,0,0,3,0,1,0,2,1,1,3,1,0,0,0,0,0,0,0,0,0,0,0,0
52,62,hj8maoy@1jcfcxs7,03115487766,e3prs7zh4ueieiwlkud7,769a:4538:2bd2:8213:85ed:ca71:1ea3:dcd9,"872 Ashley Island Apt. 254
East Anthonytown, LA 10352",6,5,2,True,200,1,0,1,0,5,0,3,0,3,0,0,5,0,0,1,0,0,0,0,0,0,1,0
53,63,finleybrianna@yahoo.com,255-915-9059x3369,m97tf30d9wpav4njjfbm,233.79.136.157,"445 Nicole Hollow
Carterton, FM 48532",7,4,1,False,219,4,0,0,0,7,0,5,0,2,0,7,0,0,0,0,0,0,0,0,2,0,0,0
54,64,suzanne21@gmail.com,1-043-962-2576,ewc3gyloi1ing9o64jpt,4834:7ccb:15de:9123:5658:42c3:cc50:79f,"398 Latasha Canyon
Kathyland, LA 36717-2161",5,3,2,True,147,2,0,0,0,3,2,4,0,1,0,0,0,2,3,0,0,0,0,0,2,0,1,0
55,65,johnlowery@gmail.com,04712252182,311kdz4c1210iixltk2j,42b3:df19:86fe:abd9:dafe:f6c1:eb76:c72,"11704 Andrew Villages Apt. 035
Jamesfurt, OR 49817-0470",7,5,1,True,1033,6,0,1,0,24,3,25,0,3,7,3,10,0,3,0,5,0,0,0,5,0,1,0
56,66,kristaavery@lewis-baird.com,242.165.5396x07020,3wqhnieu6nbcis8x7h3j,180.223.72.88,"73802 Aaron Field Apt. 622
Port Lisa, MO 01167",1,1,3,False,16,1,1,0,0,0,1,1,0,0,0,0,0,1,0,0,0,0,0,0,1,0,0,0
57,68,cathy42@gibson.com,754.248.6239x43965,c3r2qzqwc9anp6utob7n,7493:ab04:47ff:3a14:67d6:a128:a5b6:1500,"046 Carson Crescent
South Jacksonview, NV 22839-2652",3,3,15,True,87,0,0,0,0,3,0,3,0,0,0,0,0,0,0,0,0,1,2,0,0,0,1,0
58,69,michelleherrera@day.info,1-991-286-0655x973,s7m2fjcrk1y7lj0amm08,fb35:e7e4:1368:817f:b75e:6473:d60b:93a8,"586 Johnson Courts
South Timothymouth, OH 66490",6,4,1,False,231,2,6,0,0,0,6,5,0,1,0,0,0,6,0,0,0,0,0,0,2,0,0,0
59,71,ijuarez@yahoo.com,705.315.1466x180,ztef2ig476czoj3mzkyl,9247:4a63:f325:1e5e:fcbb:ea08:304b:48ad,"Unit 0375 Box 6645
DPO AP 74311",3,3,2,False,72,0,0,0,0,3,0,3,0,0,0,0,0,3,0,0,0,0,0,0,0,0,0,0
60,72,hughesjonathan@pena.org,05514762453,ntjnc4h0ldd2yia6m7u6,5176:b1b5:d308:40b9:7c25:f5bf:4258:52d2,"7444 Shelby Fords Apt. 290
Rhondaland, AS 85277-9573",7,5,3,False,275,3,0,0,0,7,0,4,2,1,0,0,3,0,2,0,2,0,0,0,2,0,0,0
61,73,anthony04@gmail.com,1-910-678-8300,pabten624qp5gacfxnxh,248.33.149.88,"412 Joshua Knoll Apt. 533
Davidland, ME 61496",2,2,1,False,49,0,2,0,0,2,0,2,0,0,0,0,0,0,0,0,2,0,0,0,0,0,0,0
62,74,mgould@yahoo.com,1-394-145-7899x0176,o7xocau2odnpc1so7ued,e85d:101b:e213:d8d0:8722:3fce:1e31:17f3,"19170 Hansen Throughway
Wilkersonville, PA 09423",5,4,2,False,119,1,2,0,0,5,0,5,0,0,0,0,3,0,0,0,0,0,2,0,1,0,0,0
63,75,bakersydney@gmail.com,002.940.3004x9094,18cnggmlahgf7trpqsu8,246.139.218.89,"8649 Mcgee Locks Apt. 114
North Angelafort, IN 05272-4651",5,3,1,False,175,2,0,0,0,5,0,5,0,0,0,0,0,0,5,0,0,0,0,0,2,0,0,0
64,77,udavis@clark.com,(942)067-2430,y7b7eqwqn34mytvn1i5z,146.191.70.148,"9923 Williams Ramp
East Lauraburgh, GA 48874",3,3,1,False,41,0,0,0,0,0,3,3,0,0,0,0,3,0,0,0,0,0,0,0,0,0,0,0
65,78,nancymayo@brown.com,830-346-6543x518,1asmfecu4hbv73a2r5jy,79.112.154.104,"6927 Nathan Mountains
North April, PA 95355-9109",7,6,2,True,338,1,3,0,7,0,0,4,1,2,0,3,0,0,0,0,0,0,4,0,0,0,1,0
66,79,johnlowery@gmail.com,1-820-539-4726x993,2in0fh7lep289n8dcbdz,163.128.139.42,"814 Wagner Union
Ashleymouth, HI 35617",2,2,1,True,1033,6,0,1,0,24,3,25,0,3,7,3,10,0,3,0,5,0,0,0,5,0,1,0
67,80,warrenedward@arnold.com,201.737.5119x64000,6py7ewqjkxjw8zjl9eri,45.203.99.249,"49680 Brian Squares Apt. 122
Port Walterburgh, MH 02766-0708",4,4,14,True,117,0,2,0,1,3,0,4,0,0,0,2,0,0,1,1,0,0,0,0,0,3,1,2
68,81,rbolton@hotmail.com,04454448537,znuylfikiuid1orrwsvt,911e:44d8:824c:85a3:ba7a:6513:8d40:c4c3,"150 Kenneth Bypass Apt. 791
Kevinton, VT 92488",5,4,3,False,117,2,0,0,4,1,0,5,0,0,0,0,0,0,1,4,0,0,0,0,2,0,0,0
69,83,jonathan99@stafford.org,(986)656-8692x32356,1mt65bhu4bzyrmzeitz6,ecc1:e4b8:65e1:d1e:bf58:b09d:3c50:509,"4913 Wright Ranch
Roymouth, VI 48629",2,2,1,True,92,0,0,0,0,2,0,1,1,0,0,0,0,0,0,0,0,2,0,0,0,0,1,0
70,84,lleonard@turner-fleming.com,1-414-937-7421x73705,yfpqgg5oxsn107veaala,97.111.97.42,"96103 Riley Walks
Michellefort, ID 98085-6066",11,8,1,True,653,3,0,0,0,11,0,7,3,1,0,0,0,0,0,0,0,0,0,11,2,0,1,0
71,85,whitedavid@jones-lloyd.org,902.047.2861,jvab5ehh3y5u4spybjm4,95.228.108.171,"881 Jessica Ford
Ericksonhaven, FL 83492-3227",5,5,4,True,283,0,3,0,0,5,0,4,0,1,5,0,0,0,0,0,0,0,0,0,0,0,1,0
72,87,tayloreric@gmail.com,1-160-137-7889x74832,sjoj10iss04dq90i4w7x,3.75.86.140,"3195 Farmer Mills Apt. 946
Brittanymouth, IA 14170",4,3,2,False,85,1,1,0,0,3,1,2,0,2,0,0,0,1,3,0,0,0,0,0,0,0,0,0
73,88,shelby24@hotmail.com,(071)934-3315x27613,obb41ux0zfa2td5ajo9s,45.203.99.249,"3271 Cynthia Groves
Port Jeremyberg, CO 27305",5,4,2,True,192,1,3,0,0,5,0,3,0,2,0,0,0,0,0,0,0,2,3,0,0,3,1,0
74,89,cindydelgado@gmail.com,523.689.5105x7670,z3vo5aropo8rd2lfqrnq,86.201.239.98,"7835 Jasmine Mission Suite 502
Port Alejandra, WA 47942-2517",4,4,1,False,146,0,0,4,0,0,0,3,0,1,0,0,4,0,0,0,0,0,0,0,0,0,0,0
75,90,brittanydean@hotmail.com,06238721842,yq8xiivmx4prlgx0gofo,3517:8e52:885:8640:a59:f5fd:cb33:b06a,"49680 Brian Squares Apt. 122
Port Walterburgh, MH 02766-0708",6,4,1,True,202,2,0,0,0,6,0,6,0,0,0,0,0,0,6,0,0,0,0,0,2,0,1,2
76,91,watkinscaroline@lewis-haas.com,153-392-3908x8124,mcfj07mm32tyodtfh7z2,244.18.220.218,"991 Melton Viaduct
Wagnerville, NH 56051",2,2,1,False,38,0,0,0,0,2,0,2,0,0,0,0,0,0,0,0,2,0,0,0,0,0,0,0
77,92,marissacollins@mckinney.com,09686705337,jx3d90d32iz1zlo5jntm,a2df:1771:97bf:98cb:3a4c:c7ec:a113:b080,"95667 Alex Burg
Greenton, NH 20710-0614",6,5,1,False,166,2,0,0,0,6,0,6,0,0,0,0,0,0,0,0,0,0,0,6,2,0,0,0
78,93,craig83@rasmussen-alvarado.com,122-259-7479x336,s93o0wj3eqd9whcy9ng3,35.212.254.226,"10068 Adam Rapids Suite 792
Rileyburgh, GA 11372",2,2,13,True,41,1,0,0,1,0,1,2,0,0,0,0,0,0,0,0,1,0,1,0,1,0,1,0
79,94,thernandez@johnson-quinn.com,(940)148-2704,y2n05wrk1bg8w21bey0t,1f62:a7f0:6db0:caee:9b6a:eafd:dfea:c50,"911 Miller Summit Suite 426
Port Ashley, IA 03124-9666",2,2,1,False,36,0,0,0,0,2,0,2,0,0,0,0,2,0,0,0,0,0,0,0,0,0,0,0
80,95,emilyroberts@hotmail.com,479.228.3536,dpgcbcifnntnq2ht4owp,87.18.25.113,"94798 Reed Park Apt. 840
Port Normanborough, ME 36946-3989",2,2,1,False,36,0,2,2,0,0,0,1,1,0,2,0,0,0,0,0,0,0,0,0,0,0,0,0
81,97,vmiller@hotmail.com,000-734-4774,b1tjk5s0j9ybj1qpt3ik,164.79.214.9,"PSC 9111, Box 9839
APO AA 57283-9646",10,8,1,True,551,3,0,0,0,10,0,9,0,1,10,0,0,0,0,0,0,0,0,0,3,0,1,0
82,98,david45@gmail.com,(508)223-3834,l6qv05oe0h0j78kx84ex,9d8d:535b:36fc:8773:bec0:8fa5:3206:4cb5,"5360 Adams Falls Suite 829
Hensleymouth, WV 86746-6334",10,8,5,True,566,3,0,0,1,8,1,10,0,0,1,0,0,3,1,0,0,0,2,3,3,0,1,0
83,99,fdavis@wolfe-brown.com,143-448-8038x81186,gt7k74rsgtklj0zjx8gl,69.138.168.116,"6609 Hannah Road Suite 577
Richardchester, AL 20921",3,3,3,True,72,0,0,0,0,3,0,3,0,0,0,0,0,0,1,0,0,0,2,0,0,0,1,0
84,100,kathleenlee@yahoo.com,03898354581,3nl9r01aoqks8pn0m4hb,143.172.2.212,"206 Olson Viaduct Apt. 982
North Charleschester, CA 67567",6,4,3,False,191,2,0,0,4,2,0,5,1,0,0,4,0,0,0,0,0,0,2,0,2,0,0,0
85,101,benjamin19@gmail.com,145-419-0237x139,akahn9g6l5245a3zfby6,d7d:faf5:36a8:6b28:f7bc:b265:7611:ceda,"90771 Daniel Field Apt. 429
North Jamesland, IL 45690",4,3,2,False,87,1,3,1,0,3,0,4,0,0,0,0,3,1,0,0,0,0,0,0,1,0,0,0
86,102,mtrevino@gutierrez.net,390.417.8057,pycmjs4dqylc8rb0s9pt,6694:eef3:c2a3:9181:42a0:2df9:b2c1:2acd,"767 Tiffany Drive
Mirandaview, OH 42972-3228",1,1,4,True,17,1,0,0,0,1,0,0,1,0,0,1,0,0,0,0,0,0,0,0,0,0,1,0
87,103,tmcpherson@wright.com,1-804-264-1481x08539,ui77ukzr5lnqpajdk03u,296d:59fe:a919:21ac:16dd:96f5:10b3:4f83,"7956 Alex Avenue Apt. 593
Port Michael, OK 41350",13,8,1,True,596,6,13,0,0,13,0,12,1,0,0,0,0,0,0,13,0,0,0,0,6,0,1,0
88,104,wdelacruz@yahoo.com,155.688.4242x443,fmm4yabu9llergl9qbl9,cd18:5626:a1c4:7e99:addf:368e:c98:e772,"3074 Caroline Oval
Lake Maryburgh, MA 15880",4,4,1,True,231,1,0,0,0,4,0,2,0,2,4,0,0,0,0,0,0,0,0,0,1,0,1,0
89,105,brooksdustin@knight.info,345.319.0722x7868,dhe9trcjv1fyr2vr18q2,172.69.105.137,"8554 John Forge Apt. 284
Port Kimberlyburgh, NM 29954-7053",1,1,2,True,17,0,0,0,0,1,0,1,0,0,0,0,1,0,0,0,0,0,0,0,0,0,1,0
90,106,ybrown@gmail.com,+32(2)6119524982,nsbh7z6p9hw17qq4mhhh,101.94.37.245,"5154 Fernandez Points Apt. 712
Mcguirehaven, MN 91595",5,4,3,False,144,1,0,0,0,5,0,4,0,1,3,0,1,0,1,0,0,0,0,0,1,0,0,0
91,107,vreyes@cruz.info,029-308-3389,dcxumu40bfvtofs61r9c,4169:eb39:d5db:e1ab:b739:6e98:70:4f39,"3120 Horne Vista
Port Emmaview, LA 25479",1,1,1,False,30,0,0,0,0,1,0,1,0,0,0,0,0,0,0,1,0,0,0,0,0,0,0,0
92,109,nicolekelly@hotmail.com,02296551953,26buke7oqcdrk1x78588,242.102.134.32,"Unit 6251 Box 1562
DPO AP 54457-8709",1,1,1,False,42,0,0,0,0,1,0,1,0,0,0,0,0,0,0,1,0,0,0,0,0,0,0,0
93,110,barronelizabeth@singh.org,867.528.2694x83638,ck37pcnsqa9po9g1euae,130.55.185.234,"8663 Kaitlyn Key
Brittanyview, CT 46389",5,4,2,False,120,1,0,2,0,3,0,5,0,0,3,0,0,0,2,0,0,0,0,0,1,0,0,0
94,111,phillip89@gmail.com,649-150-0665,jyk9fawabmu0yi4ee69q,2.47.31.110,"2672 Jeffrey Cove
Michaelport, ND 40991-4174",3,3,1,False,74,0,0,0,0,3,0,2,1,0,0,0,0,0,0,0,0,0,0,3,0,0,0,0
95,112,ugood@mosley.info,869-856-7969,qdrwvtooysq6q0i0asm7,7847:656d:453b:4e2d:8493:82f8:cff:502e,"88979 Jennifer Field Suite 069
Robertchester, CT 26498-8802",2,2,4,True,141,0,0,0,0,2,0,2,0,0,0,0,0,0,0,1,0,0,1,0,0,0,1,0
96,113,zgraham@yahoo.com,1-469-696-6266,t2ztblzdu5hhzuo5fl6g,114.134.196.43,"4608 Travis Spring
Sarahtown, KS 65613",5,4,3,False,119,2,0,0,1,4,0,5,0,0,0,0,0,2,1,0,2,0,0,0,2,0,0,0
97,114,pchavez@randolph.com,(569)110-7736,ol87wpzs0jpsw13jlyko,acba:ba43:ae87:641c:3009:8355:c6ff:15b9,"3604 Lyons Prairie
Allenbury, WI 26089-9330",1,1,1,False,39,0,0,1,0,0,0,1,0,0,0,0,0,0,0,0,1,0,0,0,0,0,0,0
98,115,marywalker@gmail.com,828-124-3490,kah1gtidszvnkih1lvtd,11.165.157.167,"4025 Rivera Mill
West Justin, UT 11158",4,3,3,True,82,1,0,0,0,4,0,3,0,1,3,0,1,0,0,0,0,0,0,0,1,0,1,0
99,117,smithtonya@huffman.org,1-753-714-9977x4456,fd5khwqxgptuyvtl59mp,7243:82ce:52ca:f27b:f116:30c0:f704:59f3,"401 Linda Circles Apt. 670
Raymondton, OH 67056-3087",3,3,1,False,81,0,0,0,0,3,0,3,0,0,3,0,0,0,0,0,0,0,0,0,0,0,0,0
100,118,hamiltonchristopher@yahoo.com,(600)151-8836x7328,c9qyfs1gmssc5ia83wi0,117.6.168.209,"32609 Mark Vista Apt. 688
Huynhstad, MN 06562",2,1,3,False,78,1,0,0,0,2,0,2,0,0,0,0,1,0,0,0,0,0,0,1,1,0,0,0
101,119,amywright@wallace-johnson.com,629.489.3980,n29he2b6a841zcbiw2i9,254.155.117.48,"403 Anna Center Apt. 947
Meganhaven, GA 46627",6,6,1,True,312,1,6,0,0,0,6,3,0,3,0,0,6,0,0,0,0,0,0,0,1,0,1,0
102,120,iray@rogers.com,738-700-9649x102,qkkvc35qa3mx8g1t1jr2,4338:887b:3e9b:f16d:7257:2a21:6559:e9a4,"Unit 4843 Box 7401
DPO AP 92304-9120",5,5,5,True,227,0,0,0,0,5,0,4,0,1,0,0,2,0,1,0,0,0,2,0,0,0,1,0
103,121,ctaylor@yahoo.com,1-020-923-6697x8718,uu141ykhyig0cj3s98jr,dda2:66e0:4279:3c1b:ac29:4cbb:5ea3:c26b,"87096 Warren Turnpike
Howellview, WA 74727-2420",8,6,6,True,398,2,0,0,0,8,0,8,0,0,4,1,2,0,0,0,1,0,0,0,2,0,1,0
104,123,gomezjohn@yahoo.com,1-333-131-2746x6449,21rpvi89b6uon3c3x8gc,a8da:1d73:a062:6289:e6a6:7bcc:51b2:6dcb,"PSC 1043, Box 1089
APO AA 29395-9131",2,2,1,False,59,0,0,0,0,2,0,0,1,1,0,0,0,0,0,0,0,0,0,2,0,0,0,0
105,124,mullenstephanie@yahoo.com,(616)674-0266x776,056bfyj4m7svmdeex8z1,50.190.231.22,"3483 Frank Estate Apt. 466
Thomasburgh, MP 54561-8178",3,3,2,False,57,0,0,1,0,0,2,3,0,0,0,0,0,0,0,0,0,1,2,0,0,0,0,0
106,126,koneal@henderson.biz,059.431.5467x7848,gcfo5uheb9mugbstbjez,85.188.105.126,"056 Megan Trail Suite 355
West Zachary, GU 51278-2318",4,4,1,True,98,0,0,0,0,0,4,4,0,0,0,0,4,0,0,0,0,0,0,0,0,0,1,0
107,128,brianthomas@yahoo.com,04061905118,1djsf7mffce2xhvsf139,219.222.4.152,"9205 Jeremiah Field Suite 815
East Christopher, IA 93399",6,4,1,False,236,2,0,0,0,6,0,3,3,0,6,0,0,0,0,0,0,0,0,0,0,0,0,0
108,129,oaguirre@hotmail.com,1-856-006-5150,cvtpgtclxkvcwvr16cyd,ae37:8e14:bfc1:43c4:7dde:7b9e:ca7f:4721,"719 Jeremy Flat Apt. 914
Alexanderport, IA 97423-7424",1,1,4,True,47,0,0,0,1,0,0,1,0,0,0,0,0,0,1,0,0,0,0,0,0,0,1,0
109,130,joshua00@hotmail.com,+96(0)1872091077,y04p9bz3r8dmmcpqxgzm,a06a:af58:8d50:fe02:b3b5:a1d2:9251:9dec,"44361 Amy Curve
South Erictown, MN 32004",5,4,2,False,177,1,0,5,0,0,0,3,0,2,5,0,0,0,0,0,0,0,0,0,0,0,0,0
110,131,veronica42@stokes.com,111.180.1112x63480,s9jcp2b4ojffrdp99g95,f6b0:e228:1624:ac40:2b2e:e2d2:ff04:90ac,"51448 Robert Flat Suite 980
Williamsmouth, FL 67487-5651",1,1,1,False,33,0,0,0,0,1,0,1,0,0,0,0,0,0,0,0,0,1,0,0,0,0,0,0
111,132,cindydeleon@yahoo.com,01524024300,jy8lgca2hto8r58zw5oo,2ebe:381c:151a:9df5:65f5:808f:103d:d128,"USNS Ramos
FPO AE 16248",4,1,2,False,56,3,0,0,0,4,0,4,0,0,0,0,0,0,0,0,0,0,1,3,3,0,0,0
112,133,johnlowery@gmail.com,1-143-059-1833,tyijaify2hqadwslejyr,e4c:fb48:8ee2:9819:6ae8:8d3f:3b6a:a788,"518 Wood Mews Apt. 970
Dillonstad, NE 43317-3945",0,0,0,True,1033,6,0,1,0,24,3,25,0,3,7,3,10,0,3,0,5,0,0,0,5,0,1,0
113,134,kyle64@stephens-ortiz.com,587.550.8830x64152,tvq298xvzj7zla68uz5h,196.30.166.8,"42423 Marco Summit
New Mark, FM 17715",5,4,1,False,129,1,5,0,0,5,0,5,0,0,5,0,0,0,0,0,0,0,0,0,1,0,0,0
114,135,jordanthomas@hayes-wilson.biz,+36(0)4967812825,sfx5nec64m3aczye0lb4,227.48.202.65,"818 Andre Ferry
South Christopher, MA 53275",4,4,3,False,151,0,0,0,0,4,0,3,0,1,0,0,0,0,0,1,0,3,0,0,0,0,0,0
115,136,aliciaanthony@martin.com,+77(2)4526373005,9iac2it77dm615ucymx3,110.221.131.62,"265 Marisa Keys
Lynchmouth, WV 63252-7526",3,3,1,True,95,0,0,0,0,3,0,3,0,0,0,0,0,0,0,0,3,0,0,0,0,0,1,0
116,138,jenniferperry@hotmail.com,+27(2)4721167637,u4gxqno1iwgs4cn6502c,202.230.239.182,"16855 Lopez Tunnel
Port Stephanieville, PW 58997-9470",4,4,2,False,86,0,0,0,0,4,0,2,0,2,0,0,0,0,2,0,0,0,2,0,0,0,0,0
117,140,lsanchez@hotmail.com,00256720158,o9cdi8b4zhrzzvp0hl2f,49.219.239.140,"044 Ronnie Run
South Dawn, CA 49202-3034",5,4,2,False,133,1,0,0,0,5,0,5,0,0,0,0,0,0,0,0,5,0,0,0,1,0,0,0
118,141,christinemills@mcgee.com,(651)355-4709,zbn9it3s7yl69bjtrnqf,45.203.99.249,"5156 Greene Park Apt. 748
New Sandra, CA 14802-7364",5,5,2,True,125,0,0,2,0,3,0,4,0,1,0,0,0,0,5,0,0,0,0,0,0,3,1,0
119,142,cuevasvicki@gmail.com,347-432-4171,gjieqcwj7nq91qkgdqb1,89f4:de6f:d732:11dd:c56:c6e1:ce7a:d888,"69632 Baker Prairie Suite 013
Gonzalezhaven, UT 17435",6,5,3,False,192,1,0,1,0,5,0,6,0,0,3,0,0,0,0,0,3,0,0,0,1,0,0,0
120,143,mitchellgriffith@yahoo.com,1-321-386-6855x0101,72stamnugxuz9ls1xx98,158.185.147.61,"Unit 6719 Box 6044
DPO AE 33534",15,3,1,False,436,12,0,0,0,15,0,8,7,0,0,0,0,0,0,0,0,0,15,0,6,0,0,0
121,144,gwilcox@hotmail.com,1-114-728-2835x715,3pfhcvbn8itarkhxl087,168.56.122.190,"77436 Denise Key Suite 828
Mayschester, AR 65254-4549",7,6,5,True,432,2,4,0,0,7,0,5,2,0,1,0,0,0,0,4,0,0,2,0,1,0,1,0
122,145,victorgarcia@gmail.com,937-523-6702x7281,1597k0yfivb94139vcj0,184.74.109.237,"PSC 9769, Box 5820
APO AP 17294",1,1,1,False,34,0,0,0,0,1,0,1,0,0,0,0,0,0,0,0,1,0,0,0,0,0,0,0
123,146,brittany60@yahoo.com,(172)959-5151,55uutypnlt0dve5gnzpx,174.86.116.243,"603 Sophia Flat Suite 158
South Wandaland, PR 07273-7503",5,4,2,False,217,1,0,0,0,4,1,4,0,1,0,0,0,0,0,4,0,0,1,0,1,0,0,0
124,147,fharris@hotmail.com,828.921.8126,vq9wb7q19vwuirk37dcn,1a1c:b6f1:5c57:e9b8:28c0:edc0:9935:e55a,"5434 Olivia Junctions Suite 109
Crosbymouth, KY 63938",4,2,1,False,173,2,0,0,0,4,0,1,0,3,0,0,4,0,0,0,0,0,0,0,0,0,0,0
125,148,mercedesfinley@roman.org,569-710-0646x4095,qh7i8ad23hd5vosiuj5j,f15:32d4:97fb:c211:3d4e:a471:af9c:6c34,"03028 Brown Spring Suite 348
Elliottchester, WY 10834",5,5,4,False,130,0,0,0,1,4,0,5,0,0,0,2,0,0,0,1,0,0,2,0,0,0,0,0
126,151,1yf0@jedyz63t,463-609-3475,j3a0155srqw0yeqvbgps,1fe2:1fa3:2a6f:845d:1037:2dac:2831:9d50,"12350 Nicholas Greens
Lawsonborough, NC 70237-3962",10,5,4,True,217,5,0,3,0,7,0,10,0,0,0,0,0,0,0,6,1,3,0,0,5,0,1,0
127,152,thomasryan@conrad.net,1-192-434-2783,spoo36hycxgbo0y2tap7,3.225.227.70,"00373 Hicks Keys Suite 407
Millerside, HI 98544-8185",5,3,2,False,117,2,0,3,2,0,0,3,2,0,0,2,0,0,0,0,0,0,3,0,1,0,0,0
128,153,kwalsh@lopez-gomez.biz,04103378280,mdoe6wib243y09uaj95z,3162:1f06:9114:56d1:f5e8:bf3a:6ad0:b6f2,"0008 Jessica Stream
Mcbridetown, MH 04017",3,3,2,True,100,0,2,1,0,2,0,3,0,0,0,0,0,0,0,1,2,0,0,0,0,0,1,0
129,154,martinezlori@gmail.com,353.413.2223x82475,9ycz6r0ulpqtc04qxfke,d04c:1016:1b00:8a18:d9fc:5455:cae3:b97a,"PSC 1505, Box 0924
APO AP 49055",5,3,1,False,168,2,5,0,0,5,0,5,0,0,0,0,0,0,0,5,0,0,0,0,2,0,0,0
130,155,johnlowery@gmail.com,076-099-0630x72770,6qy6oa3nqutsyyxzc54c,f259:657f:f329:2fca:c06c:8b57:d6ac:2380,"687 Rogers Bridge Suite 780
Valdezburgh, IN 23532",6,5,3,True,1033,6,0,1,0,24,3,25,0,3,7,3,10,0,3,0,5,0,0,0,5,0,1,0
131,156,stevehernandez@gmail.com,716-379-6345,felexq5xniffmhhlqdqm,601d:b1f3:1a48:e0ef:1452:906f:21dc:b526,"904 James Route Suite 595
Lake Ruth, CO 66976",6,5,1,False,180,1,0,0,6,0,0,3,1,2,0,0,0,0,0,0,6,0,0,0,0,0,0,0
132,157,daniel98@lamb.com,758.182.1357x89421,lu49z4dhold8niozpl4w,d6d4:7645:ca31:dba3:42b0:c89a:d065:d67d,"6698 David Squares Apt. 540
Westburgh, MA 77937",1,1,1,False,16,0,0,0,0,1,0,1,0,0,0,0,0,1,0,0,0,0,0,0,0,0,0,0
133,158,ujackson@harris.com,852-231-3642x738,2k850f1rbwvju71sbhqp,99.149.12.193,"664 Maurice Row Suite 634
New Jodi, OR 56525",5,4,2,False,83,2,0,0,0,5,0,4,0,1,0,0,0,0,0,2,0,3,0,0,2,0,0,0
134,159,brittanyhicks@jones.com,579-193-1785x676,b054slok65d4k1t01u4a,89.73.189.96,"233 Jessica Lights
Port Sonya, SC 47511",2,1,1,False,66,1,2,0,0,2,0,2,0,0,0,0,0,0,0,0,0,0,2,0,1,0,0,0
135,160,deborah38@yahoo.com,06498402936,vc71dbmrdaz78jgi7nhl,8f3c:9e11:63b4:73bb:20d1:86c7:ab70:2e04,"391 Rogers Flats Apt. 287
North Rickchester, FM 35587",1,1,1,True,30,0,0,0,0,1,0,1,0,0,0,0,1,0,0,0,0,0,0,0,0,0,1,0
136,161,andre74@patrick-decker.com,150-073-8610,4gfo1e3xeirjanhwko92,d89c:db0:5ff9:a150:9e6c:482d:c900:fb33,"55197 Jeffrey Burgs Suite 700
Gardnerport, VA 04866-4230",5,4,4,True,198,1,0,0,1,4,0,5,0,0,4,0,1,0,0,0,0,0,0,0,1,0,1,0
137,162,patrickcalderon@russo.net,444-358-6570x947,84z3gd4fiabz488ybv9p,2be:a4d5:eb39:fa22:2650:83d5:917f:5f23,"6223 Cheyenne Villages Suite 751
Coryborough, ID 21264-7220",3,2,1,False,110,1,0,0,3,0,0,3,0,0,0,3,0,0,0,0,0,0,0,0,1,0,0,0
138,163,mitchellvickie@brewer-jones.com,313-124-3836x3528,ecu7ezz0ue67v3fce1o3,181.90.104.120,"829 Ramirez Dam Suite 648
Gatesview, OR 55669-8691",3,3,1,True,126,0,0,0,0,3,0,2,0,1,3,0,0,0,0,0,0,0,0,0,0,0,1,0
139,164,sbrown@hughes.biz,(250)632-6631x02499,xgv918sclaz40qlp2fee,16.166.2.0,"9472 Pacheco Islands Suite 940
Drewburgh, AZ 04238",6,5,3,True,149,1,0,0,0,6,0,6,0,0,0,0,0,1,5,0,0,0,0,0,1,0,1,0
140,165,johnlowery@gmail.com,635.676.0955x524,969zz9zdj8z4gns4sx5p,f82c:811f:8a02:e2d6:79b:fcaa:42de:570b,"548 Bryant Inlet
Veronicaside, OK 00522",4,4,2,True,1033,6,0,1,0,24,3,25,0,3,7,3,10,0,3,0,5,0,0,0,5,0,1,0
141,166,ethompson@jackson-sanders.com,962.300.2250,navessqcnmc9csfjn5cj,203.246.172.244,"16953 Jennifer Springs
Kathybury, IL 02095-3215",8,6,6,True,378,2,0,0,0,6,2,7,0,1,2,2,0,0,3,0,1,0,0,0,2,0,1,0
142,167,dawn05@tucker-brown.com,(089)703-7360x8848,lu4fgcug8dr0dwbcuui1,132.132.95.33,"130 Kimberly Junctions
Ericmouth, KS 59756-2919",7,5,4,False,176,2,0,3,0,4,0,7,0,0,1,0,0,0,0,3,0,0,0,3,2,0,0,0
